,tag,title,link,date
0,python,Gap in primes(Codewars) - out of time,http://stackoverflow.com/questions/69748034/gap-in-primescodewars-out-of-time,2021-10-28 04:41:41Z
1,python,Using scrapy to scrape multiple pages and multiple URLs,http://stackoverflow.com/questions/69748179/using-scrapy-to-scrape-multiple-pages-and-multiple-urls,2021-10-28 04:41:32Z
2,python,How to separate ID number from Column A to Column B in csv via python code?,http://stackoverflow.com/questions/69620087/how-to-separate-id-number-from-column-a-to-column-b-in-csv-via-python-code,2021-10-28 04:41:20Z
3,python,Order dataframe by column with specific order from list,http://stackoverflow.com/questions/69748331/order-dataframe-by-column-with-specific-order-from-list,2021-10-28 04:40:50Z
4,python,Continue to other generators once a generator has been exhausted in a list of generators?,http://stackoverflow.com/questions/69748145/continue-to-other-generators-once-a-generator-has-been-exhausted-in-a-list-of-ge,2021-10-28 04:40:34Z
5,python,Trying to remove a role with a command,http://stackoverflow.com/questions/69748305/trying-to-remove-a-role-with-a-command,2021-10-28 04:40:32Z
6,python,creating order queue based on starttime and endtime in pandas python,http://stackoverflow.com/questions/69747683/creating-order-queue-based-on-starttime-and-endtime-in-pandas-python,2021-10-28 04:40:22Z
7,python,How do I run a function alongside my main code?,http://stackoverflow.com/questions/69748352/how-do-i-run-a-function-alongside-my-main-code,2021-10-28 04:40:06Z
8,python,'AnonymousUser' object has no attribute 'company',http://stackoverflow.com/questions/69735363/anonymoususer-object-has-no-attribute-company,2021-10-28 04:39:44Z
9,python,Django 2.2.4 - “No migrations to apply” when run migrate after makemigrations,http://stackoverflow.com/questions/57698746/django-2-2-4-no-migrations-to-apply-when-run-migrate-after-makemigrations,2021-10-28 04:35:23Z
10,python,Column-based colormap with matplotlib.pyplot.imshow,http://stackoverflow.com/questions/69748104/column-based-colormap-with-matplotlib-pyplot-imshow,2021-10-28 04:33:51Z
11,python,"""is not None"" vs ""is"" - Which should I use",http://stackoverflow.com/questions/69748242/is-not-none-vs-is-which-should-i-use,2021-10-28 04:33:12Z
12,python,Python: Y values on bar graph are not in the right order,http://stackoverflow.com/questions/69748345/python-y-values-on-bar-graph-are-not-in-the-right-order,2021-10-28 04:33:06Z
13,python,how to distribute evenly a set of items in a number of slots?,http://stackoverflow.com/questions/69747614/how-to-distribute-evenly-a-set-of-items-in-a-number-of-slots,2021-10-28 04:32:58Z
14,python,best way to map a value from range number in python?,http://stackoverflow.com/questions/69747841/best-way-to-map-a-value-from-range-number-in-python,2021-10-28 04:32:48Z
15,python,Making scikit-learn estimator to work differently during training and prediction,http://stackoverflow.com/questions/69748222/making-scikit-learn-estimator-to-work-differently-during-training-and-prediction,2021-10-28 04:31:35Z
16,python,How to parse data from column in python pandas,http://stackoverflow.com/questions/69748085/how-to-parse-data-from-column-in-python-pandas,2021-10-28 04:31:34Z
17,python,Printing index positions,http://stackoverflow.com/questions/69747713/printing-index-positions,2021-10-28 04:30:56Z
18,python,Order dataframe by column with specific order [duplicate],http://stackoverflow.com/questions/69748270/order-dataframe-by-column-with-specific-order,2021-10-28 04:30:01Z
19,python,How get multiple output from Azure Function Blob Trigger using python?,http://stackoverflow.com/questions/69739157/how-get-multiple-output-from-azure-function-blob-trigger-using-python,2021-10-28 04:28:51Z
20,python,Convert JSON nested list of dict to DataFrame,http://stackoverflow.com/questions/60019043/convert-json-nested-list-of-dict-to-dataframe,2021-10-28 04:28:17Z
21,python,How to make a mesh within rectangle using drawing functions of the OpenCV?,http://stackoverflow.com/questions/69747435/how-to-make-a-mesh-within-rectangle-using-drawing-functions-of-the-opencv,2021-10-28 04:26:55Z
22,python,"is it possible to hold canvas.create_image images in a list? If so, how?",http://stackoverflow.com/questions/69748214/is-it-possible-to-hold-canvas-create-image-images-in-a-list-if-so-how,2021-10-28 04:26:07Z
23,python,Connecting to OpenVPN config using python,http://stackoverflow.com/questions/61159779/connecting-to-openvpn-config-using-python,2021-10-28 04:24:50Z
24,python,Trying to create a program that tracks which inputs I've added but stuck,http://stackoverflow.com/questions/69659388/trying-to-create-a-program-that-tracks-which-inputs-ive-added-but-stuck,2021-10-28 04:24:00Z
25,python,Looping through a list of integers,http://stackoverflow.com/questions/69748157/looping-through-a-list-of-integers,2021-10-28 04:23:17Z
26,python,How can I overwrite a file by changing name?,http://stackoverflow.com/questions/69672359/how-can-i-overwrite-a-file-by-changing-name,2021-10-28 04:22:17Z
27,python,program to join an empty string with a shuffled list in python? [duplicate],http://stackoverflow.com/questions/69748198/program-to-join-an-empty-string-with-a-shuffled-list-in-python,2021-10-28 04:21:48Z
28,python,Errors when trying to execute docker-machine on Linux machine,http://stackoverflow.com/questions/69747158/errors-when-trying-to-execute-docker-machine-on-linux-machine,2021-10-28 04:21:27Z
29,python,Loop counts only the first and last three elements (heat conductivity of plate),http://stackoverflow.com/questions/69748261/loop-counts-only-the-first-and-last-three-elements-heat-conductivity-of-plate,2021-10-28 04:20:21Z
30,python,how to create a path to traverse into nested dictionary lists [closed],http://stackoverflow.com/questions/69728136/how-to-create-a-path-to-traverse-into-nested-dictionary-lists,2021-10-28 04:20:13Z
31,python,opencv error: error: OpenCV(4.2.0) /io/opencv_contrib/modules/xfeatures2d/src/sift.cpp:1210: error: (-213:The function/feature is not implemented),http://stackoverflow.com/questions/61742534/opencv-error-error-opencv4-2-0-io-opencv-contrib-modules-xfeatures2d-src-si,2021-10-28 04:19:46Z
32,python,"openAPI 3.0 with flask, unable to view UI",http://stackoverflow.com/questions/69748271/openapi-3-0-with-flask-unable-to-view-ui,2021-10-28 04:19:25Z
33,python,How to write a code for a 5-fold Cross Validation in Python?,http://stackoverflow.com/questions/69748263/how-to-write-a-code-for-a-5-fold-cross-validation-in-python,2021-10-28 04:17:54Z
34,python,How to concat a pandas dataframe correctly?,http://stackoverflow.com/questions/69748257/how-to-concat-a-pandas-dataframe-correctly,2021-10-28 04:16:42Z
35,python,Showing import pymssql error in mac but which is already installed,http://stackoverflow.com/questions/69748256/showing-import-pymssql-error-in-mac-but-which-is-already-installed,2021-10-28 04:16:38Z
36,python,ModuleNotFoundError: No module named 'citipy' error,http://stackoverflow.com/questions/52638844/modulenotfounderror-no-module-named-citipy-error,2021-10-28 04:15:09Z
37,python,Why does my Colab session run out of RAM?,http://stackoverflow.com/questions/69747792/why-does-my-colab-session-run-out-of-ram,2021-10-28 04:14:09Z
38,python,can someone please explain this line of code?,http://stackoverflow.com/questions/69748069/can-someone-please-explain-this-line-of-code,2021-10-28 04:12:27Z
39,python,Why does JAX do a full forward pass in the init function?,http://stackoverflow.com/questions/69748205/why-does-jax-do-a-full-forward-pass-in-the-init-function,2021-10-28 04:07:29Z
40,python,Accessing axes label strings in matplotlib,http://stackoverflow.com/questions/69715554/accessing-axes-label-strings-in-matplotlib,2021-10-28 04:07:24Z
41,python,How to assign a specific value according to condition?,http://stackoverflow.com/questions/69699150/how-to-assign-a-specific-value-according-to-condition,2021-10-28 04:05:56Z
42,python,Tensorflow no attribute 'no_automatic_dependency_tracking',http://stackoverflow.com/questions/69748139/tensorflow-no-attribute-no-automatic-dependency-tracking,2021-10-28 04:05:22Z
43,python,Plotting a python dict in order of key values,http://stackoverflow.com/questions/37266341/plotting-a-python-dict-in-order-of-key-values,2021-10-28 04:05:21Z
44,python,Preprocessing for wildcarded Snakemake rules,http://stackoverflow.com/questions/68622282/preprocessing-for-wildcarded-snakemake-rules,2021-10-28 04:04:25Z
45,python,What exactly does 'for c in text' mean in this context? [closed],http://stackoverflow.com/questions/69730838/what-exactly-does-for-c-in-text-mean-in-this-context,2021-10-28 04:03:36Z
46,python,How can I disable (grey out) a Checkbutton in Tkinter?,http://stackoverflow.com/questions/20687220/how-can-i-disable-grey-out-a-checkbutton-in-tkinter,2021-10-28 04:03:30Z
47,python,Prevent file resetting to original state using pyinstaller,http://stackoverflow.com/questions/69748167/prevent-file-resetting-to-original-state-using-pyinstaller,2021-10-28 04:02:34Z
48,python,Can you merge elements of Pandas dataframes into tuples?,http://stackoverflow.com/questions/69747980/can-you-merge-elements-of-pandas-dataframes-into-tuples,2021-10-28 04:00:37Z
49,python,"Why do I need to write number=int(input()) in this while loop again, when its already declared at the top of my code?",http://stackoverflow.com/questions/69747979/why-do-i-need-to-write-number-intinput-in-this-while-loop-again-when-its-al,2021-10-28 03:59:55Z
50,beautifulsoup,How to unwrap tag from a BeautifulSoup Tag object?,http://stackoverflow.com/questions/69746575/how-to-unwrap-tag-from-a-beautifulsoup-tag-object,2021-10-28 00:04:48Z
51,beautifulsoup,Why am I getting an AttributeError scraping with BeautifulSoup?,http://stackoverflow.com/questions/69725019/why-am-i-getting-an-attributeerror-scraping-with-beautifulsoup,2021-10-27 23:16:54Z
52,beautifulsoup,How to get text of this html element while preserving some inner tags,http://stackoverflow.com/questions/69745667/how-to-get-text-of-this-html-element-while-preserving-some-inner-tags,2021-10-27 22:37:20Z
53,beautifulsoup,Can't get beautiful soup to work with my callback function and regex,http://stackoverflow.com/questions/69744366/cant-get-beautiful-soup-to-work-with-my-callback-function-and-regex,2021-10-27 19:36:11Z
54,beautifulsoup,Use beautifulsoup to download href links,http://stackoverflow.com/questions/69731667/use-beautifulsoup-to-download-href-links,2021-10-27 17:29:04Z
55,beautifulsoup,API not found which is loading data,http://stackoverflow.com/questions/69742721/api-not-found-which-is-loading-data,2021-10-27 16:59:53Z
56,beautifulsoup,python beautifulsoup4 how to get span text in div tag,http://stackoverflow.com/questions/69734859/python-beautifulsoup4-how-to-get-span-text-in-div-tag,2021-10-27 16:54:13Z
57,beautifulsoup,Why scraping a website with is not working as expected in python? [closed],http://stackoverflow.com/questions/69712118/why-scraping-a-website-with-is-not-working-as-expected-in-python,2021-10-27 16:51:39Z
58,beautifulsoup,Getting error while fetching details with web scraping in python,http://stackoverflow.com/questions/69734690/getting-error-while-fetching-details-with-web-scraping-in-python,2021-10-27 16:48:03Z
59,beautifulsoup,Not getting all information in web scraping from website,http://stackoverflow.com/questions/69738546/not-getting-all-information-in-web-scraping-from-website,2021-10-27 16:47:40Z
60,beautifulsoup,why we use attrs in Beautiful Soup for scraping,http://stackoverflow.com/questions/69741642/why-we-use-attrs-in-beautiful-soup-for-scraping,2021-10-27 15:41:37Z
61,beautifulsoup,Fetch dynamic src image with python,http://stackoverflow.com/questions/69741356/fetch-dynamic-src-image-with-python,2021-10-27 15:40:18Z
62,beautifulsoup,Web scraping latest news by checking if any new news are added,http://stackoverflow.com/questions/61073376/web-scraping-latest-news-by-checking-if-any-new-news-are-added,2021-10-27 11:38:52Z
63,beautifulsoup,How do I get the specific link under h3 tag?,http://stackoverflow.com/questions/69736593/how-do-i-get-the-specific-link-under-h3-tag,2021-10-27 10:24:44Z
64,beautifulsoup,Python 2.7 BeautifulSoup4 is returning an empty set,http://stackoverflow.com/questions/41255008/python-2-7-beautifulsoup4-is-returning-an-empty-set,2021-10-27 07:24:07Z
65,beautifulsoup,How would I loop through each page and scrape the specific parameters?,http://stackoverflow.com/questions/69730418/how-would-i-loop-through-each-page-and-scrape-the-specific-parameters,2021-10-27 06:55:05Z
66,beautifulsoup,Select two HTML elements at the same time in BeautifulSoup?,http://stackoverflow.com/questions/69699720/select-two-html-elements-at-the-same-time-in-beautifulsoup,2021-10-27 06:40:05Z
67,beautifulsoup,Python BeautifulSoup Scraper - apply function to each <li> element in <ol> on page,http://stackoverflow.com/questions/69730598/python-beautifulsoup-scraper-apply-function-to-each-li-element-in-ol-on-pa,2021-10-27 04:51:11Z
68,beautifulsoup,Automatically filling contact forms with different HTML ID [closed],http://stackoverflow.com/questions/69729045/automatically-filling-contact-forms-with-different-html-id,2021-10-26 23:43:31Z
69,beautifulsoup,Python convert bs4.element.Tag (html table) into pandas dataframe,http://stackoverflow.com/questions/69730765/python-convert-bs4-element-tag-html-table-into-pandas-dataframe,2021-10-26 22:58:12Z
70,beautifulsoup,Beautiful Soup to find and document tree for each button,http://stackoverflow.com/questions/69683312/beautiful-soup-to-find-and-document-tree-for-each-button,2021-10-26 20:03:33Z
71,beautifulsoup,"How do I get certain links from a website, but not all of them?",http://stackoverflow.com/questions/69726546/how-do-i-get-certain-links-from-a-website-but-not-all-of-them,2021-10-26 19:28:17Z
72,beautifulsoup,Beautifulsoup how to add something to a column if element is not showing,http://stackoverflow.com/questions/69727826/beautifulsoup-how-to-add-something-to-a-column-if-element-is-not-showing,2021-10-26 18:11:39Z
73,beautifulsoup,Extract text inside span without class name using BeautifulSoup,http://stackoverflow.com/questions/69726498/extract-text-inside-span-without-class-name-using-beautifulsoup,2021-10-26 17:50:41Z
74,beautifulsoup,Take next value in a BeautifulSoup scraping [Python],http://stackoverflow.com/questions/69727711/take-next-value-in-a-beautifulsoup-scraping-python,2021-10-26 17:45:43Z
75,beautifulsoup,How can I change the code to make it such that the html tags do not appear,http://stackoverflow.com/questions/69726280/how-can-i-change-the-code-to-make-it-such-that-the-html-tags-do-not-appear,2021-10-26 16:45:16Z
76,beautifulsoup,Collecting the data displayed in browser but not in response,http://stackoverflow.com/questions/69718790/collecting-the-data-displayed-in-browser-but-not-in-response,2021-10-26 15:58:46Z
77,beautifulsoup,Find different elements with BeautifulSoup that have the same class,http://stackoverflow.com/questions/69725555/find-different-elements-with-beautifulsoup-that-have-the-same-class,2021-10-26 15:37:16Z
78,beautifulsoup,"Python Concurent Future, Each Thread, Each Proxy",http://stackoverflow.com/questions/69725099/python-concurent-future-each-thread-each-proxy,2021-10-26 14:42:40Z
79,beautifulsoup,getting none type error in beautiful soup [closed],http://stackoverflow.com/questions/69724692/getting-none-type-error-in-beautiful-soup,2021-10-26 14:16:16Z
80,beautifulsoup,Put a set of datas (URLS) in an empty dataframe Python Pandas,http://stackoverflow.com/questions/69723995/put-a-set-of-datas-urls-in-an-empty-dataframe-python-pandas,2021-10-26 13:51:31Z
81,beautifulsoup,Scraping with BeatifulSoup always redirect to the home page [closed],http://stackoverflow.com/questions/69723592/scraping-with-beatifulsoup-always-redirect-to-the-home-page,2021-10-26 13:04:32Z
82,beautifulsoup,Searching nested tags with BeautifulSoup,http://stackoverflow.com/questions/69719313/searching-nested-tags-with-beautifulsoup,2021-10-26 12:48:30Z
83,beautifulsoup,soup.select('.r a') in f'https://google.com/search?q={query}' brings back empty list in Python BeautifulSoup. **NOT A DUPLICATE**,http://stackoverflow.com/questions/56664934/soup-select-r-a-in-fhttps-google-com-searchq-query-brings-back-empty,2021-10-26 12:11:27Z
84,beautifulsoup,How to concatenate three panda DataFrames with no rows mismatch,http://stackoverflow.com/questions/69720761/how-to-concatenate-three-panda-dataframes-with-no-rows-mismatch,2021-10-26 10:32:44Z
85,beautifulsoup,"why can't I scrap the 'span' class infomation in 'div' tags, It keep showing [] or none [closed]",http://stackoverflow.com/questions/69721094/why-cant-i-scrap-the-span-class-infomation-in-div-tags-it-keep-showing,2021-10-26 10:09:42Z
86,beautifulsoup,Why is the Browser displaying different HTML to that returned with BeautifulSoup and Requests?,http://stackoverflow.com/questions/61064181/why-is-the-browser-displaying-different-html-to-that-returned-with-beautifulsoup,2021-10-26 08:46:31Z
87,beautifulsoup,Create a for loop to webscrape multiple pages from multiple URLs using beautifulsoup,http://stackoverflow.com/questions/69718112/create-a-for-loop-to-webscrape-multiple-pages-from-multiple-urls-using-beautiful,2021-10-26 06:22:54Z
88,beautifulsoup,Unable to extract records from website using python,http://stackoverflow.com/questions/69717433/unable-to-extract-records-from-website-using-python,2021-10-26 05:52:28Z
89,beautifulsoup,How to extract a particular Purpose and Name using BeautifulSoup?,http://stackoverflow.com/questions/69715704/how-to-extract-a-particular-purpose-and-name-using-beautifulsoup,2021-10-26 04:47:41Z
90,beautifulsoup,Table without id not recognized and returns none [closed],http://stackoverflow.com/questions/69716501/table-without-id-not-recognized-and-returns-none,2021-10-26 04:39:59Z
91,beautifulsoup,Can requests be used to print all elements in the scroll at the top of a Google search?,http://stackoverflow.com/questions/42386441/can-requests-be-used-to-print-all-elements-in-the-scroll-at-the-top-of-a-google,2021-10-25 22:16:38Z
92,beautifulsoup,Using soup.find() to find a span,http://stackoverflow.com/questions/61741579/using-soup-find-to-find-a-span,2021-10-25 19:16:23Z
93,beautifulsoup,Web scraping for Google Ads using python and beautifulsoup,http://stackoverflow.com/questions/54797590/web-scraping-for-google-ads-using-python-and-beautifulsoup,2021-10-25 16:15:53Z
94,beautifulsoup,why does request sometimes return mobile html [closed],http://stackoverflow.com/questions/69709838/why-does-request-sometimes-return-mobile-html,2021-10-25 14:42:56Z
95,beautifulsoup,Converting html to text with Python,http://stackoverflow.com/questions/14694482/converting-html-to-text-with-python,2021-10-25 13:48:46Z
96,beautifulsoup,how to find the pair content using beautifulsoup in Python3,http://stackoverflow.com/questions/69662545/how-to-find-the-pair-content-using-beautifulsoup-in-python3,2021-10-25 13:28:48Z
97,beautifulsoup,Beautiful Soup Web scraper creates individual JSON files from individual URLs but JSON files all return last element,http://stackoverflow.com/questions/69670108/beautiful-soup-web-scraper-creates-individual-json-files-from-individual-urls-bu,2021-10-25 13:28:32Z
98,beautifulsoup,How to access elements inside svg with BeautifulSoup?,http://stackoverflow.com/questions/69695160/how-to-access-elements-inside-svg-with-beautifulsoup,2021-10-25 13:27:35Z
99,python,Group data by conditional using pandas,http://stackoverflow.com/questions/69742984/group-data-by-conditional-using-pandas,2021-10-28 03:58:58Z
100,python,Coordinate transformation using affine method,http://stackoverflow.com/questions/69743119/coordinate-transformation-using-affine-method,2021-10-28 03:57:45Z
101,python,Sending live video frame over network in python opencv,http://stackoverflow.com/questions/30988033/sending-live-video-frame-over-network-in-python-opencv,2021-10-28 03:57:40Z
102,python,Why numpy.asarray() doesn't work properly with large number of arrays?,http://stackoverflow.com/questions/69735233/why-numpy-asarray-doesnt-work-properly-with-large-number-of-arrays,2021-10-28 03:57:24Z
103,python,Python can not connect to mysql server,http://stackoverflow.com/questions/57233815/python-can-not-connect-to-mysql-server,2021-10-28 03:57:19Z
104,python,Why does my model only predict one class when I run it through my webcam?,http://stackoverflow.com/questions/68479480/why-does-my-model-only-predict-one-class-when-i-run-it-through-my-webcam,2021-10-28 03:56:16Z
105,python,"when I write this python script in PowerBi, how can i get only one table?",http://stackoverflow.com/questions/69748120/when-i-write-this-python-script-in-powerbi-how-can-i-get-only-one-table,2021-10-28 03:55:59Z
106,python,Want to add a kv file within another kv file,http://stackoverflow.com/questions/69748111/want-to-add-a-kv-file-within-another-kv-file,2021-10-28 03:54:43Z
107,python,get() missing 1 required positional argument: 'url',http://stackoverflow.com/questions/69747977/get-missing-1-required-positional-argument-url,2021-10-28 03:54:42Z
108,python,Remote Raspberry pi 4 using Vscode Kivy,http://stackoverflow.com/questions/69748106/remote-raspberry-pi-4-using-vscode-kivy,2021-10-28 03:54:17Z
109,python,.py Help me on a flag CTF [closed],http://stackoverflow.com/questions/69747718/py-help-me-on-a-flag-ctf,2021-10-28 03:53:02Z
110,python,How do I develop a mobile app for android? [closed],http://stackoverflow.com/questions/69740809/how-do-i-develop-a-mobile-app-for-android,2021-10-28 03:52:23Z
111,python,how to count a list of numbers which occour in a random list Python,http://stackoverflow.com/questions/69747741/how-to-count-a-list-of-numbers-which-occour-in-a-random-list-python,2021-10-28 03:52:00Z
112,python,Datetime conversion - convert only date for rows not containing time,http://stackoverflow.com/questions/69737868/datetime-conversion-convert-only-date-for-rows-not-containing-time,2021-10-28 03:50:40Z
113,python,How does [:] work ( In Python ) in a specific case [duplicate],http://stackoverflow.com/questions/69735385/how-does-work-in-python-in-a-specific-case,2021-10-28 03:49:46Z
114,python,django-admin startproject does not create manage.py,http://stackoverflow.com/questions/51686045/django-admin-startproject-does-not-create-manage-py,2021-10-28 03:49:10Z
115,python,Conda: syntax of the environment yaml file vs. venv requirements,http://stackoverflow.com/questions/69720800/conda-syntax-of-the-environment-yaml-file-vs-venv-requirements,2021-10-28 03:48:21Z
116,python,OpenVPN Connection Using Python (Windows),http://stackoverflow.com/questions/69670358/openvpn-connection-using-python-windows,2021-10-28 03:47:56Z
117,python,What does `<>` mean in Python?,http://stackoverflow.com/questions/16749121/what-does-mean-in-python,2021-10-28 03:47:54Z
118,python,How to define a function that will check any data frame for Age column and return bins?,http://stackoverflow.com/questions/69747825/how-to-define-a-function-that-will-check-any-data-frame-for-age-column-and-retur,2021-10-28 03:47:52Z
119,python,Using the cut function to bin a numeric column creates NAN values,http://stackoverflow.com/questions/69748063/using-the-cut-function-to-bin-a-numeric-column-creates-nan-values,2021-10-28 03:47:47Z
120,python,Can't import ModelConfigurationDetails in the OCI notebooksession using conda env,http://stackoverflow.com/questions/69736168/cant-import-modelconfigurationdetails-in-the-oci-notebooksession-using-conda-en,2021-10-28 03:47:38Z
121,python,Django / Models / Admin / Problem with the foreign key : __str__ returned non-string (type tuple),http://stackoverflow.com/questions/69747572/django-models-admin-problem-with-the-foreign-key-str-returned-non-st,2021-10-28 03:46:57Z
122,python,Solving trig functions with specified intervals sympy Python,http://stackoverflow.com/questions/69748056/solving-trig-functions-with-specified-intervals-sympy-python,2021-10-28 03:46:46Z
123,python,Subset df on specific timestamps and previous seconds - python,http://stackoverflow.com/questions/69747667/subset-df-on-specific-timestamps-and-previous-seconds-python,2021-10-28 03:46:40Z
124,python,"Python module ""pyLDAvis.gensim"" not found",http://stackoverflow.com/questions/69748048/python-module-pyldavis-gensim-not-found,2021-10-28 03:45:31Z
125,python,while loop continues without reassigning variable with input [closed],http://stackoverflow.com/questions/69732870/while-loop-continues-without-reassigning-variable-with-input,2021-10-28 03:44:55Z
126,python,I don't know the error but I need to fix the code [closed],http://stackoverflow.com/questions/69746881/i-dont-know-the-error-but-i-need-to-fix-the-code,2021-10-28 03:44:50Z
127,python,Why is Tensorflow not recognizing my GPU after conda install?,http://stackoverflow.com/questions/65273118/why-is-tensorflow-not-recognizing-my-gpu-after-conda-install,2021-10-28 03:44:40Z
128,python,An alternative solution to using endswith()?,http://stackoverflow.com/questions/56470793/an-alternative-solution-to-using-endswith,2021-10-28 03:44:39Z
129,python,How to host OAuth client.py and server.py Flask apps to Heroku?,http://stackoverflow.com/questions/69748043/how-to-host-oauth-client-py-and-server-py-flask-apps-to-heroku,2021-10-28 03:44:09Z
130,python,how can make this code work python selenium firefox?,http://stackoverflow.com/questions/69747753/how-can-make-this-code-work-python-selenium-firefox,2021-10-28 03:42:27Z
131,python,How can I print out all the results?,http://stackoverflow.com/questions/69743257/how-can-i-print-out-all-the-results,2021-10-28 03:40:09Z
132,python,Reset underscore (`_`) variable in Jupyter notebook powered by IPython kernel,http://stackoverflow.com/questions/56734319/reset-underscore-variable-in-jupyter-notebook-powered-by-ipython-kernel,2021-10-28 03:39:43Z
133,python,How do you store them in matrices from 5-fold cross-validation that can be used in subsequent calculations?,http://stackoverflow.com/questions/69747636/how-do-you-store-them-in-matrices-from-5-fold-cross-validation-that-can-be-used,2021-10-28 03:39:09Z
134,python,AttributeError: '_lzma.LZMADecompressor' object has no attribute 'needs input',http://stackoverflow.com/questions/69671306/attributeerror-lzma-lzmadecompressor-object-has-no-attribute-needs-input,2021-10-28 03:37:22Z
135,python,"Fail to download files after storing missing files in list, in different subfolders, Python",http://stackoverflow.com/questions/69747975/fail-to-download-files-after-storing-missing-files-in-list-in-different-subfold,2021-10-28 03:33:51Z
136,python,invalid type promotion while scaling the model,http://stackoverflow.com/questions/69747950/invalid-type-promotion-while-scaling-the-model,2021-10-28 03:29:40Z
137,python,Can't stream tplink vigi camera using python,http://stackoverflow.com/questions/69072075/cant-stream-tplink-vigi-camera-using-python,2021-10-28 03:29:34Z
138,python,Regular expression to find out where name of file is satisfying the rules,http://stackoverflow.com/questions/69712607/regular-expression-to-find-out-where-name-of-file-is-satisfying-the-rules,2021-10-28 03:29:11Z
139,python,How to install a library on an embedded device with 2MB of flash storage?,http://stackoverflow.com/questions/69747938/how-to-install-a-library-on-an-embedded-device-with-2mb-of-flash-storage,2021-10-28 03:28:22Z
140,python,np.argsort() implementation is not found,http://stackoverflow.com/questions/69747872/np-argsort-implementation-is-not-found,2021-10-28 03:27:06Z
141,python,Reading CSI from Putty using Python,http://stackoverflow.com/questions/69747923/reading-csi-from-putty-using-python,2021-10-28 03:26:38Z
142,python,Modify python var using linux terminal,http://stackoverflow.com/questions/44687948/modify-python-var-using-linux-terminal,2021-10-28 03:25:33Z
143,python,copy segment from image tensor,http://stackoverflow.com/questions/69747657/copy-segment-from-image-tensor,2021-10-28 03:23:38Z
144,python,Maze generation algorithm makes loops [Prims algorithm],http://stackoverflow.com/questions/68780911/maze-generation-algorithm-makes-loops-prims-algorithm,2021-10-28 03:23:19Z
145,python,I have created a program to remove the columns of a matrix one by one after removing the first row of the matrix,http://stackoverflow.com/questions/69747802/i-have-created-a-program-to-remove-the-columns-of-a-matrix-one-by-one-after-remo,2021-10-28 03:23:18Z
146,python,"ffmpeg How to use -ss, -to and -stream_loop together",http://stackoverflow.com/questions/69747902/ffmpeg-how-to-use-ss-to-and-stream-loop-together,2021-10-28 03:23:10Z
147,python,Determining the polarity of emoticons for twitter sentiment analysis,http://stackoverflow.com/questions/47669357/determining-the-polarity-of-emoticons-for-twitter-sentiment-analysis,2021-10-28 03:22:33Z
148,python,Why does Selenium find element by xpath work in Python and error in Java?,http://stackoverflow.com/questions/69747835/why-does-selenium-find-element-by-xpath-work-in-python-and-error-in-java,2021-10-28 03:22:28Z
149,beautifulsoup,in BeautifulSoup how to split the soup by certain words?,http://stackoverflow.com/questions/69702789/in-beautifulsoup-how-to-split-the-soup-by-certain-words,2021-10-25 13:25:14Z
150,beautifulsoup,Removing header and footer section from scraped data,http://stackoverflow.com/questions/69707833/removing-header-and-footer-section-from-scraped-data,2021-10-25 12:31:47Z
151,beautifulsoup,Get path of tags using attribute field in XSD,http://stackoverflow.com/questions/69673847/get-path-of-tags-using-attribute-field-in-xsd,2021-10-25 09:16:00Z
152,beautifulsoup,Getting Text value from element using beautifulsoup in Python [closed],http://stackoverflow.com/questions/68411802/getting-text-value-from-element-using-beautifulsoup-in-python,2021-10-25 08:35:12Z
153,beautifulsoup,Does the use of 'headers' in requests.get() method's parameter change HTML code or effect it somehow?,http://stackoverflow.com/questions/59530720/does-the-use-of-headers-in-requests-get-methods-parameter-change-html-code,2021-10-25 06:37:33Z
154,beautifulsoup,IndexError: list index out of range in if else when condition matches,http://stackoverflow.com/questions/69703252/indexerror-list-index-out-of-range-in-if-else-when-condition-matches,2021-10-25 05:56:09Z
155,beautifulsoup,Beautiful Soup not working in for loop more than once,http://stackoverflow.com/questions/69702820/beautiful-soup-not-working-in-for-loop-more-than-once,2021-10-25 04:44:32Z
156,beautifulsoup,How to extract <li> from <ul using BeautifulSoup,http://stackoverflow.com/questions/69702503/how-to-extract-li-from-ul-using-beautifulsoup,2021-10-25 03:48:48Z
157,beautifulsoup,BeautifulSoup append() causes subsequent find() to fail,http://stackoverflow.com/questions/69639217/beautifulsoup-append-causes-subsequent-find-to-fail,2021-10-25 02:34:32Z
158,beautifulsoup,Scraping with beautifulsoup and python. Solving how to see the bidders name in eBay,http://stackoverflow.com/questions/69692938/scraping-with-beautifulsoup-and-python-solving-how-to-see-the-bidders-name-in-e,2021-10-24 19:26:16Z
159,beautifulsoup,TItle and Link Not Getting printed for Google Search,http://stackoverflow.com/questions/69646378/title-and-link-not-getting-printed-for-google-search,2021-10-24 19:15:18Z
160,beautifulsoup,How to scrape all links from a website (links without href)? [closed],http://stackoverflow.com/questions/69699816/how-to-scrape-all-links-from-a-website-links-without-href,2021-10-24 18:48:37Z
161,beautifulsoup,BeautifulSoup scraper doesn't retrieve any information,http://stackoverflow.com/questions/69697621/beautifulsoup-scraper-doesnt-retrieve-any-information,2021-10-24 16:58:07Z
162,beautifulsoup,FileNotFoundError in 'wb' file mode in Python?,http://stackoverflow.com/questions/52657610/filenotfounderror-in-wb-file-mode-in-python,2021-10-24 13:47:27Z
163,beautifulsoup,BeautifulSoup - combine consecutive tags,http://stackoverflow.com/questions/50026264/beautifulsoup-combine-consecutive-tags,2021-10-24 13:41:58Z
164,beautifulsoup,Unable to print text from website using python,http://stackoverflow.com/questions/69694242/unable-to-print-text-from-website-using-python,2021-10-24 06:53:05Z
165,beautifulsoup,How to get text from anchor tag inside div using bs4 [duplicate],http://stackoverflow.com/questions/69693882/how-to-get-text-from-anchor-tag-inside-div-using-bs4,2021-10-24 04:30:47Z
166,beautifulsoup,how do I get access in detail information from div ? ( beautifulsoup ) [closed],http://stackoverflow.com/questions/69693290/how-do-i-get-access-in-detail-information-from-div-beautifulsoup,2021-10-24 01:43:56Z
167,beautifulsoup,attribute error using while parsing html using bs4,http://stackoverflow.com/questions/69691983/attribute-error-using-while-parsing-html-using-bs4,2021-10-23 21:29:44Z
168,beautifulsoup,Beautifulsoup issue in finding anchor tag,http://stackoverflow.com/questions/69689779/beautifulsoup-issue-in-finding-anchor-tag,2021-10-23 21:03:40Z
169,beautifulsoup,Unable to print data in python,http://stackoverflow.com/questions/69688955/unable-to-print-data-in-python,2021-10-23 16:58:55Z
170,beautifulsoup,beautifulsoup can't find href in file using regular expression,http://stackoverflow.com/questions/11066874/beautifulsoup-cant-find-href-in-file-using-regular-expression,2021-10-23 15:04:26Z
171,beautifulsoup,Beautiful Soup Web Scraper on Binance Announcement Page Lags behind by 5 minutes,http://stackoverflow.com/questions/67736951/beautiful-soup-web-scraper-on-binance-announcement-page-lags-behind-by-5-minutes,2021-10-23 13:34:12Z
172,beautifulsoup,Getting texts in tags of a HTML script using Python [duplicate],http://stackoverflow.com/questions/69688483/getting-texts-in-tags-of-a-html-script-using-python,2021-10-23 13:12:33Z
173,beautifulsoup,"soup.find can't locate HTML path and returns ""None"" but the path does exist. does anyone know where I am going wrong?",http://stackoverflow.com/questions/69688132/soup-find-cant-locate-html-path-and-returns-none-but-the-path-does-exist-doe,2021-10-23 12:49:00Z
174,beautifulsoup,How do I modify the code so that it only outputs one headline from the news instead of all of them?,http://stackoverflow.com/questions/69687812/how-do-i-modify-the-code-so-that-it-only-outputs-one-headline-from-the-news-inst,2021-10-23 12:15:49Z
175,beautifulsoup,Finding a specific span element with BeautifulSoup,http://stackoverflow.com/questions/69687511/finding-a-specific-span-element-with-beautifulsoup,2021-10-23 12:07:38Z
176,beautifulsoup,Scraping only working in non-headless mode?,http://stackoverflow.com/questions/69681108/scraping-only-working-in-non-headless-mode,2021-10-23 06:32:24Z
177,beautifulsoup,Scraping a React page with BeautifulSoup,http://stackoverflow.com/questions/69685114/scraping-a-react-page-with-beautifulsoup,2021-10-23 04:26:12Z
178,beautifulsoup,Struggling to Pull a List of Ingredients with BeautifulSoup [closed],http://stackoverflow.com/questions/69684883/struggling-to-pull-a-list-of-ingredients-with-beautifulsoup,2021-10-23 03:27:00Z
179,beautifulsoup,Python web scraper will not work on deeply nested tags,http://stackoverflow.com/questions/69684009/python-web-scraper-will-not-work-on-deeply-nested-tags,2021-10-23 03:19:52Z
180,beautifulsoup,JSONDecodeError Issue? python,http://stackoverflow.com/questions/69684675/jsondecodeerror-issue-python,2021-10-23 02:55:45Z
181,beautifulsoup,How to get ratings from a bookstoscrape website and feed it into database,http://stackoverflow.com/questions/69673823/how-to-get-ratings-from-a-bookstoscrape-website-and-feed-it-into-database,2021-10-23 01:30:22Z
182,beautifulsoup,Problems extracting text with the BeautifulSoup function,http://stackoverflow.com/questions/69675206/problems-extracting-text-with-the-beautifulsoup-function,2021-10-23 00:25:21Z
183,beautifulsoup,Things not appending [closed],http://stackoverflow.com/questions/69683876/things-not-appending,2021-10-22 23:03:59Z
184,beautifulsoup,Webscraping NBA results,http://stackoverflow.com/questions/69675783/webscraping-nba-results,2021-10-22 22:35:14Z
185,beautifulsoup,How to get first class tag using beautiful soup,http://stackoverflow.com/questions/69675399/how-to-get-first-class-tag-using-beautiful-soup,2021-10-22 18:57:12Z
186,beautifulsoup,Downloading video from website using python,http://stackoverflow.com/questions/69361300/downloading-video-from-website-using-python,2021-10-22 16:37:17Z
187,beautifulsoup,Why Selenium sometimes can't find href witout error,http://stackoverflow.com/questions/69676231/why-selenium-sometimes-cant-find-href-witout-error,2021-10-22 14:59:25Z
188,beautifulsoup,Scraping multiples pages in BeautifulSoup and iterating process in python,http://stackoverflow.com/questions/69651927/scraping-multiples-pages-in-beautifulsoup-and-iterating-process-in-python,2021-10-22 14:38:15Z
189,beautifulsoup,BeautifulSoup AttributeError 'collections' has no attribute 'Callable',http://stackoverflow.com/questions/69515086/beautifulsoup-attributeerror-collections-has-no-attribute-callable,2021-10-22 14:15:58Z
190,beautifulsoup,Extract previous price from Amazon Page,http://stackoverflow.com/questions/69677927/extract-previous-price-from-amazon-page,2021-10-22 13:53:56Z
191,beautifulsoup,Unable to save records in csv file in python,http://stackoverflow.com/questions/69675101/unable-to-save-records-in-csv-file-in-python,2021-10-22 13:47:07Z
192,beautifulsoup,BeautifulSoup: get x and y values from a plotly plot?,http://stackoverflow.com/questions/69674840/beautifulsoup-get-x-and-y-values-from-a-plotly-plot,2021-10-22 12:41:44Z
193,beautifulsoup,Why does an element appear to have four children in Beautiful Soup?,http://stackoverflow.com/questions/69676125/why-does-an-element-appear-to-have-four-children-in-beautiful-soup,2021-10-22 11:30:11Z
194,beautifulsoup,How to webscrape multiple pages efficiently using Beautiful Soup?,http://stackoverflow.com/questions/69643848/how-to-webscrape-multiple-pages-efficiently-using-beautiful-soup,2021-10-22 11:16:03Z
195,beautifulsoup,Unable to prints the Names and links in python,http://stackoverflow.com/questions/69672520/unable-to-prints-the-names-and-links-in-python,2021-10-22 11:01:34Z
196,beautifulsoup,Python requests or beautifulsoup4 delay,http://stackoverflow.com/questions/69522516/python-requests-or-beautifulsoup4-delay,2021-10-22 08:12:22Z
197,beautifulsoup,How to scrape tables using Beautiful Soup?,http://stackoverflow.com/questions/69671651/how-to-scrape-tables-using-beautiful-soup,2021-10-22 07:40:37Z
198,beautifulsoup,Click load more button jooble selenium python,http://stackoverflow.com/questions/69671869/click-load-more-button-jooble-selenium-python,2021-10-22 06:10:50Z
199,python,Performance Considerations when Parsing Large XML Files with xml.etree.ElementTree [duplicate],http://stackoverflow.com/questions/69747885/performance-considerations-when-parsing-large-xml-files-with-xml-etree-elementtr,2021-10-28 03:20:53Z
200,python,How to document class attributes in Python?,http://stackoverflow.com/questions/3051241/how-to-document-class-attributes-in-python,2021-10-28 03:20:39Z
201,python,codingbat python string count,http://stackoverflow.com/questions/35594364/codingbat-python-string-count,2021-10-28 03:19:17Z
202,python,heatmap generated from numpy array gives inaccurate results,http://stackoverflow.com/questions/69735004/heatmap-generated-from-numpy-array-gives-inaccurate-results,2021-10-28 03:17:14Z
203,python,Python rows and columns [closed],http://stackoverflow.com/questions/69747511/python-rows-and-columns,2021-10-28 03:17:10Z
204,python,Python socket problem with recv and send / sendall,http://stackoverflow.com/questions/69747855/python-socket-problem-with-recv-and-send-sendall,2021-10-28 03:15:15Z
205,python,What is the difference between `poetry run black myscript.py` and `black myscript.py`?,http://stackoverflow.com/questions/69738316/what-is-the-difference-between-poetry-run-black-myscript-py-and-black-myscrip,2021-10-28 03:15:03Z
206,python,invalid literal for int() with base 10: 'EC180',http://stackoverflow.com/questions/69747559/invalid-literal-for-int-with-base-10-ec180,2021-10-28 03:12:36Z
207,python,Amazon Rekognition error when trying to access S3 file,http://stackoverflow.com/questions/69747844/amazon-rekognition-error-when-trying-to-access-s3-file,2021-10-28 03:12:33Z
208,python,How to regular match several text in a multi-line configure file in python3?,http://stackoverflow.com/questions/69747823/how-to-regular-match-several-text-in-a-multi-line-configure-file-in-python3,2021-10-28 03:09:09Z
209,python,Why is this code taking so long after function execution?,http://stackoverflow.com/questions/69741046/why-is-this-code-taking-so-long-after-function-execution,2021-10-28 03:09:08Z
210,python,Best Practice when Writing PySpark DataFrames to MySQL,http://stackoverflow.com/questions/69747764/best-practice-when-writing-pyspark-dataframes-to-mysql,2021-10-28 03:08:47Z
211,python,Numpy convolving along an axis for 2 2D-arrays,http://stackoverflow.com/questions/69219486/numpy-convolving-along-an-axis-for-2-2d-arrays,2021-10-28 03:06:16Z
212,python,Remove key from dictionary in Python returning new dictionary,http://stackoverflow.com/questions/17665809/remove-key-from-dictionary-in-python-returning-new-dictionary,2021-10-28 03:06:12Z
213,python,"Python IDLE cannot open file, says ""the open file operation failed to connect to the open and save panel service""",http://stackoverflow.com/questions/69732338/python-idle-cannot-open-file-says-the-open-file-operation-failed-to-connect-to,2021-10-28 03:03:30Z
214,python,Perform a calculation at every latitude-longitude point,http://stackoverflow.com/questions/69747475/perform-a-calculation-at-every-latitude-longitude-point,2021-10-28 03:03:04Z
215,python,Python project euler,http://stackoverflow.com/questions/69747599/python-project-euler,2021-10-28 03:02:49Z
216,python,How to create a mask array from the max value of all overlapping arrays?,http://stackoverflow.com/questions/69747416/how-to-create-a-mask-array-from-the-max-value-of-all-overlapping-arrays,2021-10-28 03:00:25Z
217,python,Incrementally adding 1 to two different values per key in a dictionary,http://stackoverflow.com/questions/69746406/incrementally-adding-1-to-two-different-values-per-key-in-a-dictionary,2021-10-28 02:57:49Z
218,python,Can a deployed Flask web service make SageMaker inference calls?,http://stackoverflow.com/questions/69747749/can-a-deployed-flask-web-service-make-sagemaker-inference-calls,2021-10-28 02:57:42Z
219,python,"Pandas named aggregation syntax throws error TypeError: int() argument must be a string, a bytes-like object or a number, not '_NoValueType'",http://stackoverflow.com/questions/69747659/pandas-named-aggregation-syntax-throws-error-typeerror-int-argument-must-be-a,2021-10-28 02:55:38Z
220,python,how to make my button align in pack method,http://stackoverflow.com/questions/69747442/how-to-make-my-button-align-in-pack-method,2021-10-28 02:54:54Z
221,python,How to stop OpenCV error message from printing in Python,http://stackoverflow.com/questions/49602465/how-to-stop-opencv-error-message-from-printing-in-python,2021-10-28 02:54:10Z
222,python,fix_county_string(s) NameError: name 's' is not defined. trying to fix all county in the file,http://stackoverflow.com/questions/69534666/fix-county-strings-nameerror-name-s-is-not-defined-trying-to-fix-all-count,2021-10-28 02:52:53Z
223,python,I can’t use python docx to insert a picture as a floating line above the text,http://stackoverflow.com/questions/69747669/i-can-t-use-python-docx-to-insert-a-picture-as-a-floating-line-above-the-text,2021-10-28 02:50:27Z
224,python,Issue replicating AutoKeras StructuredDataClassifier,http://stackoverflow.com/questions/66944411/issue-replicating-autokeras-structureddataclassifier,2021-10-28 02:45:40Z
225,python,How to pass variable number of functions as arguments in Python,http://stackoverflow.com/questions/69745485/how-to-pass-variable-number-of-functions-as-arguments-in-python,2021-10-28 02:45:31Z
226,python,python linux raw key input to key name [duplicate],http://stackoverflow.com/questions/69747426/python-linux-raw-key-input-to-key-name,2021-10-28 02:43:20Z
227,python,Python Sounddevice play bytes,http://stackoverflow.com/questions/69742456/python-sounddevice-play-bytes,2021-10-28 02:43:03Z
228,python,Cython: How to wait for all threads in prange to be all done?,http://stackoverflow.com/questions/69747662/cython-how-to-wait-for-all-threads-in-prange-to-be-all-done,2021-10-28 02:42:21Z
229,python,Choosing a target variable in customer churn prediction?,http://stackoverflow.com/questions/69747641/choosing-a-target-variable-in-customer-churn-prediction,2021-10-28 02:39:02Z
230,python,VS Code is taking a lot of time to load python modules in jupyter notebook,http://stackoverflow.com/questions/69741630/vs-code-is-taking-a-lot-of-time-to-load-python-modules-in-jupyter-notebook,2021-10-28 02:38:06Z
231,python,Writing a GET request to return HTTP 1.1 instead of 1.0,http://stackoverflow.com/questions/69747484/writing-a-get-request-to-return-http-1-1-instead-of-1-0,2021-10-28 02:36:58Z
232,python,"Error WriteBlob Failed when running app through shell, but works fine in PyCharm",http://stackoverflow.com/questions/69747622/error-writeblob-failed-when-running-app-through-shell-but-works-fine-in-pycharm,2021-10-28 02:36:39Z
233,python,Python 'Connection reset by peer',http://stackoverflow.com/questions/12139823/python-connection-reset-by-peer,2021-10-28 02:36:05Z
234,python,Making django server accessible in LAN,http://stackoverflow.com/questions/22144189/making-django-server-accessible-in-lan,2021-10-28 02:33:23Z
235,python,"I just downloaded py and vscode, my first time using both, but then this appear ""Python was not found; run without arguments to install from the ...""",http://stackoverflow.com/questions/69747491/i-just-downloaded-py-and-vscode-my-first-time-using-both-but-then-this-appear,2021-10-28 02:33:20Z
236,python,Why is selenium not looping properly?,http://stackoverflow.com/questions/69745443/why-is-selenium-not-looping-properly,2021-10-28 02:32:37Z
237,python,Calculate modularity using networkx,http://stackoverflow.com/questions/69746950/calculate-modularity-using-networkx,2021-10-28 02:32:10Z
238,python,Pyinstaller with tkinter and a custom folder,http://stackoverflow.com/questions/69745067/pyinstaller-with-tkinter-and-a-custom-folder,2021-10-28 02:29:24Z
239,python,"in python-chess library: ""white_clock, white_inc black_clock, black_inc"" is internally managed by library? or i need to update it myself?",http://stackoverflow.com/questions/66778283/in-python-chess-library-white-clock-white-inc-black-clock-black-inc-is-inte,2021-10-28 02:27:44Z
240,python,How can I determine which hard disk is a vm os instance installed on,http://stackoverflow.com/questions/69736452/how-can-i-determine-which-hard-disk-is-a-vm-os-instance-installed-on,2021-10-28 02:26:10Z
241,python,Issues with Cython: compiled module not found when imported,http://stackoverflow.com/questions/69744524/issues-with-cython-compiled-module-not-found-when-imported,2021-10-28 02:24:59Z
242,python,PyQt6: AttributeError Qt [duplicate],http://stackoverflow.com/questions/69747328/pyqt6-attributeerror-qt,2021-10-28 02:22:27Z
243,python,scipy.sparse.csr.csr_matrix.toarray given arrays with all 0's,http://stackoverflow.com/questions/69747463/scipy-sparse-csr-csr-matrix-toarray-given-arrays-with-all-0s,2021-10-28 02:21:50Z
244,python,How switch between two graphs and maintain radio button and slider updates working?,http://stackoverflow.com/questions/68931326/how-switch-between-two-graphs-and-maintain-radio-button-and-slider-updates-worki,2021-10-28 02:21:41Z
245,python,cv2.VideoCapture not working in docker container on a mac host,http://stackoverflow.com/questions/45843284/cv2-videocapture-not-working-in-docker-container-on-a-mac-host,2021-10-28 02:20:31Z
246,python,I can't get FER to work with the example code,http://stackoverflow.com/questions/64506980/i-cant-get-fer-to-work-with-the-example-code,2021-10-28 02:20:00Z
247,python,"How can i create a task, that checks for real-time changes on a list?",http://stackoverflow.com/questions/69746676/how-can-i-create-a-task-that-checks-for-real-time-changes-on-a-list,2021-10-28 02:18:55Z
248,python,PySpark how to rename column with error-producing name?,http://stackoverflow.com/questions/69746832/pyspark-how-to-rename-column-with-error-producing-name,2021-10-28 02:18:26Z
249,beautifulsoup,Why is Beautiful Soup Returning duplicate results?,http://stackoverflow.com/questions/69670302/why-is-beautiful-soup-returning-duplicate-results,2021-10-22 01:49:48Z
250,beautifulsoup,Is there a way to make a dynamic web page automatically run its JavaScript when webscraping with Python?,http://stackoverflow.com/questions/69669778/is-there-a-way-to-make-a-dynamic-web-page-automatically-run-its-javascript-when,2021-10-21 23:58:48Z
251,beautifulsoup,How to get text from html list received from BeautifulSoup4,http://stackoverflow.com/questions/69658713/how-to-get-text-from-html-list-received-from-beautifulsoup4,2021-10-21 23:33:55Z
252,beautifulsoup,How to get only links from parsed html using python?,http://stackoverflow.com/questions/69025613/how-to-get-only-links-from-parsed-html-using-python,2021-10-21 18:21:07Z
253,beautifulsoup,How can I crawl the product items from shopee website?,http://stackoverflow.com/questions/59557071/how-can-i-crawl-the-product-items-from-shopee-website,2021-10-21 17:01:10Z
254,beautifulsoup,"Beautifulsoup4, parsing Tableau XML file, and writing to file",http://stackoverflow.com/questions/69651870/beautifulsoup4-parsing-tableau-xml-file-and-writing-to-file,2021-10-21 16:14:18Z
255,beautifulsoup,Unable to automate signup process due to cookies,http://stackoverflow.com/questions/69664079/unable-to-automate-signup-process-due-to-cookies,2021-10-21 14:45:42Z
256,beautifulsoup,My code hangs when the server returns request error,http://stackoverflow.com/questions/69632736/my-code-hangs-when-the-server-returns-request-error,2021-10-21 14:25:00Z
257,beautifulsoup,Is there a way to delay my web scraper before it scrapes the page?,http://stackoverflow.com/questions/69636078/is-there-a-way-to-delay-my-web-scraper-before-it-scrapes-the-page,2021-10-21 13:26:16Z
258,beautifulsoup,Can not find div embeded in another div using beautifulsoup 4,http://stackoverflow.com/questions/69622482/can-not-find-div-embeded-in-another-div-using-beautifulsoup-4,2021-10-21 12:59:23Z
259,beautifulsoup,How to scrape using multiple urls after extracting a specific html value using Beautiful Soup,http://stackoverflow.com/questions/69660455/how-to-scrape-using-multiple-urls-after-extracting-a-specific-html-value-using-b,2021-10-21 10:52:53Z
260,beautifulsoup,Web-scraping google search with proxies,http://stackoverflow.com/questions/54101117/web-scraping-google-search-with-proxies,2021-10-21 10:16:08Z
261,beautifulsoup,How to get the text of the next tag? (Beautiful Soup),http://stackoverflow.com/questions/69659847/how-to-get-the-text-of-the-next-tag-beautiful-soup,2021-10-21 10:10:47Z
262,beautifulsoup,How to find inside many <div> tags? (Beautiful Soup),http://stackoverflow.com/questions/69656353/how-to-find-inside-many-div-tags-beautiful-soup,2021-10-21 08:11:17Z
263,beautifulsoup,How to retrieve and store 2nd and 3rd row elements in a dataframe,http://stackoverflow.com/questions/69628130/how-to-retrieve-and-store-2nd-and-3rd-row-elements-in-a-dataframe,2021-10-21 07:31:00Z
264,beautifulsoup,How to extract text from tag?,http://stackoverflow.com/questions/69629116/how-to-extract-text-from-tag,2021-10-21 07:30:34Z
265,beautifulsoup,Why does scraper stop at the 12th image?,http://stackoverflow.com/questions/69656399/why-does-scraper-stop-at-the-12th-image,2021-10-21 06:38:39Z
266,beautifulsoup,Getting value of a tag inside the same parent tag as a tag with a particular value,http://stackoverflow.com/questions/69652777/getting-value-of-a-tag-inside-the-same-parent-tag-as-a-tag-with-a-particular-val,2021-10-21 05:22:15Z
267,beautifulsoup,"How to scrape ""text"" element that has no tags with Beautiful Soup [closed]",http://stackoverflow.com/questions/69655903/how-to-scrape-text-element-that-has-no-tags-with-beautiful-soup,2021-10-21 04:28:40Z
268,beautifulsoup,Scraping websites with find method,http://stackoverflow.com/questions/69655093/scraping-websites-with-find-method,2021-10-21 03:27:59Z
269,beautifulsoup,&lt and &gt tags generated after applying the Beautifulsoup API replace_with?,http://stackoverflow.com/questions/69648558/lt-and-gt-tags-generated-after-applying-the-beautifulsoup-api-replace-with,2021-10-21 01:04:57Z
270,beautifulsoup,How to web-scrape data that may move indexes in the future,http://stackoverflow.com/questions/69652665/how-to-web-scrape-data-that-may-move-indexes-in-the-future,2021-10-21 00:39:03Z
271,beautifulsoup,BeautifulSoup not returning results of a search on a website,http://stackoverflow.com/questions/69652638/beautifulsoup-not-returning-results-of-a-search-on-a-website,2021-10-20 21:00:48Z
272,beautifulsoup,Beautiful Soup to Scrape Data from Static Webpages,http://stackoverflow.com/questions/69641103/beautiful-soup-to-scrape-data-from-static-webpages,2021-10-20 15:36:24Z
273,beautifulsoup,Beautifulsoup scrape content of a cell beside another one,http://stackoverflow.com/questions/44504519/beautifulsoup-scrape-content-of-a-cell-beside-another-one,2021-10-20 15:03:07Z
274,beautifulsoup,Python requests.get not returning all elements from website,http://stackoverflow.com/questions/69637496/python-requests-get-not-returning-all-elements-from-website,2021-10-20 14:29:32Z
275,beautifulsoup,Using BeautifulSoup to count xml elements in a function,http://stackoverflow.com/questions/69646624/using-beautifulsoup-to-count-xml-elements-in-a-function,2021-10-20 13:46:12Z
276,beautifulsoup,Get value from first span tag in beautifulsoup,http://stackoverflow.com/questions/69640217/get-value-from-first-span-tag-in-beautifulsoup,2021-10-20 13:39:30Z
277,beautifulsoup,Python requests acting weirdly,http://stackoverflow.com/questions/69646169/python-requests-acting-weirdly,2021-10-20 12:59:42Z
278,beautifulsoup,Unable to scrape data to N page,http://stackoverflow.com/questions/69643814/unable-to-scrape-data-to-n-page,2021-10-20 11:51:55Z
279,beautifulsoup,List Append Creates two-dimensional instead of one-dimensional List from Beautifulsoup.find_all,http://stackoverflow.com/questions/69643870/list-append-creates-two-dimensional-instead-of-one-dimensional-list-from-beautif,2021-10-20 10:32:39Z
280,beautifulsoup,beautiful soup not providing a proper csv file of scraped data,http://stackoverflow.com/questions/69640028/beautiful-soup-not-providing-a-proper-csv-file-of-scraped-data,2021-10-20 04:08:43Z
281,beautifulsoup,Is there a way to find tags in BeautifulSoup that do not contain a specific class?,http://stackoverflow.com/questions/69639066/is-there-a-way-to-find-tags-in-beautifulsoup-that-do-not-contain-a-specific-clas,2021-10-20 00:47:57Z
282,beautifulsoup,parsing prices with bs4,http://stackoverflow.com/questions/69637318/parsing-prices-with-bs4,2021-10-20 00:40:06Z
283,beautifulsoup,"I am unable to get the text inside h2 tags, I have given my code below, if someone can help me in this matter, that will be very helpful",http://stackoverflow.com/questions/69621229/i-am-unable-to-get-the-text-inside-h2-tags-i-have-given-my-code-below-if-someo,2021-10-19 23:54:54Z
284,beautifulsoup,"Why does PyCharm complain that `Expected type 'Tag', got 'str' instead`?",http://stackoverflow.com/questions/69637302/why-does-pycharm-complain-that-expected-type-tag-got-str-instead,2021-10-19 20:30:11Z
285,beautifulsoup,web scraping returns 'None',http://stackoverflow.com/questions/69635028/web-scraping-returns-none,2021-10-19 20:27:20Z
286,beautifulsoup,Extracting a string containing a `<br>` using BeautifulSoup returns `None`,http://stackoverflow.com/questions/69637017/extracting-a-string-containing-a-br-using-beautifulsoup-returns-none,2021-10-19 20:19:53Z
287,beautifulsoup,Stop errors printing Python Web Scraping,http://stackoverflow.com/questions/69635360/stop-errors-printing-python-web-scraping,2021-10-19 17:33:23Z
288,beautifulsoup,How do I get just an HREF into JSON from bs4 [closed],http://stackoverflow.com/questions/69619560/how-do-i-get-just-an-href-into-json-from-bs4,2021-10-19 17:10:13Z
289,beautifulsoup,Image downloader not downloading files,http://stackoverflow.com/questions/69626569/image-downloader-not-downloading-files,2021-10-19 16:23:59Z
290,beautifulsoup,Python - Simple webscrape not pulling,http://stackoverflow.com/questions/69633732/python-simple-webscrape-not-pulling,2021-10-19 15:45:53Z
291,beautifulsoup,python/ beautifulsoup KeyError: 'href',http://stackoverflow.com/questions/69632353/python-beautifulsoup-keyerror-href,2021-10-19 15:19:02Z
292,beautifulsoup,How to scrape all the images from a website and link them to my products in the csv?,http://stackoverflow.com/questions/69626077/how-to-scrape-all-the-images-from-a-website-and-link-them-to-my-products-in-the,2021-10-19 14:47:47Z
293,beautifulsoup,How to scrape a dynamic web page with authentification required [Python] without browser emulators,http://stackoverflow.com/questions/69632674/how-to-scrape-a-dynamic-web-page-with-authentification-required-python-without,2021-10-19 14:25:35Z
294,beautifulsoup,ValueError when parsing html (beatifulsoup),http://stackoverflow.com/questions/69621797/valueerror-when-parsing-html-beatifulsoup,2021-10-19 11:50:42Z
295,beautifulsoup,Getting links from Website with Python (Beginner),http://stackoverflow.com/questions/69628637/getting-links-from-website-with-python-beginner,2021-10-19 10:52:12Z
296,beautifulsoup,python/beautifulsoup to find <a href> in <p> of specific <div class>,http://stackoverflow.com/questions/69628381/python-beautifulsoup-to-find-a-href-in-p-of-specific-div-class,2021-10-19 10:28:32Z
297,beautifulsoup,Amazon API for product search [closed],http://stackoverflow.com/questions/69627370/amazon-api-for-product-search,2021-10-19 08:22:19Z
298,beautifulsoup,Beautiful soup cannot find specific class,http://stackoverflow.com/questions/69622696/beautiful-soup-cannot-find-specific-class,2021-10-19 04:35:04Z
299,python,Convert nested Python dict to object?,http://stackoverflow.com/questions/1305532/convert-nested-python-dict-to-object,2021-10-28 02:17:07Z
300,python,Param generateMissingLabels when train pyspark model,http://stackoverflow.com/questions/69747504/param-generatemissinglabels-when-train-pyspark-model,2021-10-28 02:16:52Z
301,python,How to debug source code written in pytorch?,http://stackoverflow.com/questions/66077304/how-to-debug-source-code-written-in-pytorch,2021-10-28 02:16:04Z
302,python,how to make my bot in discord.py loop through the list and display the elements one by one,http://stackoverflow.com/questions/69747109/how-to-make-my-bot-in-discord-py-loop-through-the-list-and-display-the-elements,2021-10-28 02:15:07Z
303,python,Instabot too many requests,http://stackoverflow.com/questions/69747480/instabot-too-many-requests,2021-10-28 02:13:38Z
304,python,"""Least Astonishment"" and the Mutable Default Argument",http://stackoverflow.com/questions/1132941/least-astonishment-and-the-mutable-default-argument,2021-10-28 02:13:24Z
305,python,my videowriter in opencv is not saving any output,http://stackoverflow.com/questions/69747464/my-videowriter-in-opencv-is-not-saving-any-output,2021-10-28 02:10:49Z
306,python,I'm stuck with this python exercise where we need to use recursions [closed],http://stackoverflow.com/questions/69747460/im-stuck-with-this-python-exercise-where-we-need-to-use-recursions,2021-10-28 02:09:32Z
307,python,Issue with python script in ansible playbook,http://stackoverflow.com/questions/69746691/issue-with-python-script-in-ansible-playbook,2021-10-28 02:08:30Z
308,python,Simple logical syntax termcolor python,http://stackoverflow.com/questions/69747431/simple-logical-syntax-termcolor-python,2021-10-28 02:08:07Z
309,python,pint: convert geographic CRS degrees to nautical miles,http://stackoverflow.com/questions/69711826/pint-convert-geographic-crs-degrees-to-nautical-miles,2021-10-28 02:06:37Z
310,python,How to select the text in the div using Selenium?,http://stackoverflow.com/questions/69746623/how-to-select-the-text-in-the-div-using-selenium,2021-10-28 02:04:41Z
311,python,"How to set tkinter 'textvariable', running in separate thread, with value from queue from main thread?",http://stackoverflow.com/questions/69747358/how-to-set-tkinter-textvariable-running-in-separate-thread-with-value-from-q,2021-10-28 02:03:48Z
312,python,Fast Fourier Transform algorithm wrong by a single minus sign,http://stackoverflow.com/questions/69747278/fast-fourier-transform-algorithm-wrong-by-a-single-minus-sign,2021-10-28 02:02:15Z
313,python,Query to get data frame structure at database level in mongodby using pymongo,http://stackoverflow.com/questions/69747418/query-to-get-data-frame-structure-at-database-level-in-mongodby-using-pymongo,2021-10-28 02:01:42Z
314,python,How can I fix my draw_debris function in my Debris class?,http://stackoverflow.com/questions/69747099/how-can-i-fix-my-draw-debris-function-in-my-debris-class,2021-10-28 02:01:06Z
315,python,"Use numpy vectorize or map to speed up a loop - Python NumPy 3D matrix ""get rid of a loop"" Python question, Monte Carlo",http://stackoverflow.com/questions/69747403/use-numpy-vectorize-or-map-to-speed-up-a-loop-python-numpy-3d-matrix-get-rid,2021-10-28 01:59:37Z
316,python,Incorrect POS Tagging with NLTK,http://stackoverflow.com/questions/69747399/incorrect-pos-tagging-with-nltk,2021-10-28 01:59:13Z
317,python,Python Sharepoint Connection - Folder names and Reading Files,http://stackoverflow.com/questions/69731744/python-sharepoint-connection-folder-names-and-reading-files,2021-10-28 01:58:26Z
318,python,"Range Slider (What's Wrong), everything were working fine until I inserted a second input of range slider",http://stackoverflow.com/questions/69715323/range-slider-whats-wrong-everything-were-working-fine-until-i-inserted-a-sec,2021-10-28 01:57:58Z
319,python,How can I send a message through a separate function for my discord bot in python?,http://stackoverflow.com/questions/69747366/how-can-i-send-a-message-through-a-separate-function-for-my-discord-bot-in-pytho,2021-10-28 01:56:37Z
320,python,How to get I certain data from json?,http://stackoverflow.com/questions/68821426/how-to-get-i-certain-data-from-json,2021-10-28 01:55:38Z
321,python,Python loop through a list and execute a function once if value is found,http://stackoverflow.com/questions/69747047/python-loop-through-a-list-and-execute-a-function-once-if-value-is-found,2021-10-28 01:54:36Z
322,python,how would i make a value increase gradually over a second?,http://stackoverflow.com/questions/69747049/how-would-i-make-a-value-increase-gradually-over-a-second,2021-10-28 01:54:32Z
323,python,How to use weekly time series in Python,http://stackoverflow.com/questions/69736101/how-to-use-weekly-time-series-in-python,2021-10-28 01:53:38Z
324,python,How to create MultiIndex DataFrame from other pandas DataFrames,http://stackoverflow.com/questions/69746928/how-to-create-multiindex-dataframe-from-other-pandas-dataframes,2021-10-28 01:50:04Z
325,python,"why am i getting a no moduel named: ___ error when trying to referencing cv2, inutils, etc",http://stackoverflow.com/questions/69747353/why-am-i-getting-a-no-moduel-named-error-when-trying-to-referencing-cv2-in,2021-10-28 01:49:30Z
326,python,How to extract all the cells between two other cells in Pandas from the column with most cells between these two other cells?,http://stackoverflow.com/questions/69744345/how-to-extract-all-the-cells-between-two-other-cells-in-pandas-from-the-column-w,2021-10-28 01:48:19Z
327,python,How can I detect the color on which a coordinate is in an image?,http://stackoverflow.com/questions/69747161/how-can-i-detect-the-color-on-which-a-coordinate-is-in-an-image,2021-10-28 01:48:10Z
328,python,How to change Python comment font style in the latest VS Code?,http://stackoverflow.com/questions/54209714/how-to-change-python-comment-font-style-in-the-latest-vs-code,2021-10-28 01:43:47Z
329,python,How to add a sparse vector as a column to Pyspark Dataframe,http://stackoverflow.com/questions/69746792/how-to-add-a-sparse-vector-as-a-column-to-pyspark-dataframe,2021-10-28 01:43:46Z
330,python,Job aborted due to stage failure when using scaler in using scaler on PySpark,http://stackoverflow.com/questions/69746395/job-aborted-due-to-stage-failure-when-using-scaler-in-using-scaler-on-pyspark,2021-10-28 01:43:41Z
331,python,Changing color of seaborn plot line,http://stackoverflow.com/questions/58432235/changing-color-of-seaborn-plot-line,2021-10-28 01:37:08Z
332,python,discord.py discord.Message inside function and not as parameter,http://stackoverflow.com/questions/69747129/discord-py-discord-message-inside-function-and-not-as-parameter,2021-10-28 01:36:14Z
333,python,"Why does my check for the timer completion return True earlier, and repeatedly? Tkinter",http://stackoverflow.com/questions/69747130/why-does-my-check-for-the-timer-completion-return-true-earlier-and-repeatedly,2021-10-28 01:33:55Z
334,python,How to loop and count how many times each game has been played?,http://stackoverflow.com/questions/69746703/how-to-loop-and-count-how-many-times-each-game-has-been-played,2021-10-28 01:32:45Z
335,python,write a function (recursive) that will calculate the sum of even numbers from 1 to n,http://stackoverflow.com/questions/65036914/write-a-function-recursive-that-will-calculate-the-sum-of-even-numbers-from-1,2021-10-28 01:32:44Z
336,python,How to get cookies from urllib.request?,http://stackoverflow.com/questions/25210197/how-to-get-cookies-from-urllib-request,2021-10-28 01:28:47Z
337,python,How to export python data to Excel with some basic formatting [closed],http://stackoverflow.com/questions/69746872/how-to-export-python-data-to-excel-with-some-basic-formatting,2021-10-28 01:28:34Z
338,python,"Logic errors in ""odd or even"" game",http://stackoverflow.com/questions/69747188/logic-errors-in-odd-or-even-game,2021-10-28 01:27:27Z
339,python,Filling values across columns,http://stackoverflow.com/questions/69747240/filling-values-across-columns,2021-10-28 01:27:21Z
340,python,Pretty Printing latex and MathML on Python,http://stackoverflow.com/questions/69747219/pretty-printing-latex-and-mathml-on-python,2021-10-28 01:22:59Z
341,python,Simulating for loop 100 times with a matrix,http://stackoverflow.com/questions/69745429/simulating-for-loop-100-times-with-a-matrix,2021-10-28 01:22:10Z
342,python,Saving file works in Jupyter and Pycharm but not VSCode,http://stackoverflow.com/questions/69747115/saving-file-works-in-jupyter-and-pycharm-but-not-vscode,2021-10-28 01:22:09Z
343,python,"OctoPrint API, error 400 when making a POST request",http://stackoverflow.com/questions/69747094/octoprint-api-error-400-when-making-a-post-request,2021-10-28 01:21:13Z
344,python,Command raised an exception: TypeError: unhashable type: 'dict',http://stackoverflow.com/questions/69747137/command-raised-an-exception-typeerror-unhashable-type-dict,2021-10-28 01:18:50Z
345,python,remove array() from return,http://stackoverflow.com/questions/69745283/remove-array-from-return,2021-10-28 01:12:33Z
346,python,Can't change image source from outside class,http://stackoverflow.com/questions/69747123/cant-change-image-source-from-outside-class,2021-10-28 01:06:31Z
347,python,How do I get information in one column into 2 new columns?,http://stackoverflow.com/questions/69746985/how-do-i-get-information-in-one-column-into-2-new-columns,2021-10-28 01:05:54Z
348,python,AttributeError: 'NoneType' object has no attribute 'label_map',http://stackoverflow.com/questions/69747120/attributeerror-nonetype-object-has-no-attribute-label-map,2021-10-28 01:04:43Z
349,beautifulsoup,How to get rid of BeautifulSoup error in Python [duplicate],http://stackoverflow.com/questions/69624246/how-to-get-rid-of-beautifulsoup-error-in-python,2021-10-19 01:49:18Z
350,beautifulsoup,Web scraping a hidden table using Python,http://stackoverflow.com/questions/61835752/web-scraping-a-hidden-table-using-python,2021-10-19 00:24:47Z
351,beautifulsoup,Why does parsing give out only one 'title'?,http://stackoverflow.com/questions/69623197/why-does-parsing-give-out-only-one-title,2021-10-18 22:57:26Z
352,beautifulsoup,How to get HTML changes after pressing button with Beautiful Soup and Requests,http://stackoverflow.com/questions/69614734/how-to-get-html-changes-after-pressing-button-with-beautiful-soup-and-requests,2021-10-18 19:15:14Z
353,beautifulsoup,How to Print All Elements with .text?,http://stackoverflow.com/questions/69620505/how-to-print-all-elements-with-text,2021-10-18 18:55:34Z
354,beautifulsoup,Attribute error when web scraping GitHub user stars,http://stackoverflow.com/questions/69619674/attribute-error-when-web-scraping-github-user-stars,2021-10-18 18:35:13Z
355,beautifulsoup,Getting none in beautiful soup web-scraping,http://stackoverflow.com/questions/69593327/getting-none-in-beautiful-soup-web-scraping,2021-10-18 16:31:40Z
356,beautifulsoup,How to find the script src link?(Beautiful Soup),http://stackoverflow.com/questions/69619002/how-to-find-the-script-src-linkbeautiful-soup,2021-10-18 15:52:23Z
357,beautifulsoup,Is there a way to remove a specific div by class name in NextJS?,http://stackoverflow.com/questions/69618916/is-there-a-way-to-remove-a-specific-div-by-class-name-in-nextjs,2021-10-18 15:41:56Z
358,beautifulsoup,Python give a variable the contents of each index of a list in a for loop?,http://stackoverflow.com/questions/69617685/python-give-a-variable-the-contents-of-each-index-of-a-list-in-a-for-loop,2021-10-18 14:15:00Z
359,beautifulsoup,How to fix TypeError: 'NoneType' object is not iterable [duplicate],http://stackoverflow.com/questions/69614241/how-to-fix-typeerror-nonetype-object-is-not-iterable,2021-10-18 13:28:40Z
360,beautifulsoup,Scraping text containing certain caracters and names in Python?,http://stackoverflow.com/questions/69615247/scraping-text-containing-certain-caracters-and-names-in-python,2021-10-18 11:54:41Z
361,beautifulsoup,How can I search a Beautiful Soup tree to get the tag path to a text match?,http://stackoverflow.com/questions/69604064/how-can-i-search-a-beautiful-soup-tree-to-get-the-tag-path-to-a-text-match,2021-10-18 11:52:15Z
362,beautifulsoup,I am not able to find relevent data using soup.findAll() while doing webscraping using beautifulsoup,http://stackoverflow.com/questions/69606236/i-am-not-able-to-find-relevent-data-using-soup-findall-while-doing-webscraping,2021-10-18 09:26:09Z
363,beautifulsoup,Bs4 find method inside a for loop not parsing all tags just the first,http://stackoverflow.com/questions/69589867/bs4-find-method-inside-a-for-loop-not-parsing-all-tags-just-the-first,2021-10-18 07:59:00Z
364,beautifulsoup,How to extract content from tags with Beautiful soup,http://stackoverflow.com/questions/69596147/how-to-extract-content-from-tags-with-beautiful-soup,2021-10-18 07:56:00Z
365,beautifulsoup,How can I get the data from a span in BeautifulSoup?,http://stackoverflow.com/questions/69592757/how-can-i-get-the-data-from-a-span-in-beautifulsoup,2021-10-18 06:27:38Z
366,beautifulsoup,How can we extract the text content of each files present in a organization GitHub repo using python?,http://stackoverflow.com/questions/69610828/how-can-we-extract-the-text-content-of-each-files-present-in-a-organization-gith,2021-10-18 04:33:21Z
367,beautifulsoup,"Can't narrow down the search criteria in a web scraper to search ""job titles"" and count the frequency of each one",http://stackoverflow.com/questions/69609882/cant-narrow-down-the-search-criteria-in-a-web-scraper-to-search-job-titles-an,2021-10-18 02:35:39Z
368,beautifulsoup,Extracting HTML tags Beautifulsoup,http://stackoverflow.com/questions/69609141/extracting-html-tags-beautifulsoup,2021-10-17 23:25:22Z
369,beautifulsoup,How can I modify this html file in python?,http://stackoverflow.com/questions/69524198/how-can-i-modify-this-html-file-in-python,2021-10-17 20:52:53Z
370,beautifulsoup,How can I extract the certain content from the URL?,http://stackoverflow.com/questions/69606577/how-can-i-extract-the-certain-content-from-the-url,2021-10-17 17:02:45Z
371,beautifulsoup,'NoneType' object has no attribute 'find' [duplicate],http://stackoverflow.com/questions/69606085/nonetype-object-has-no-attribute-find,2021-10-17 15:54:25Z
372,beautifulsoup,How to extract/execute an audio file using requests and BeautifulSoup python,http://stackoverflow.com/questions/69604959/how-to-extract-execute-an-audio-file-using-requests-and-beautifulsoup-python,2021-10-17 13:50:07Z
373,beautifulsoup,scraping script which can search google news for a given date range using beautiful soup and newspaper library in python,http://stackoverflow.com/questions/69604549/scraping-script-which-can-search-google-news-for-a-given-date-range-using-beauti,2021-10-17 12:55:40Z
374,beautifulsoup,Parse table data from coin market cap in python with bs4,http://stackoverflow.com/questions/69587937/parse-table-data-from-coin-market-cap-in-python-with-bs4,2021-10-17 10:44:55Z
375,beautifulsoup,Use BeautifulSoup to get a value after a specific tag,http://stackoverflow.com/questions/25778394/use-beautifulsoup-to-get-a-value-after-a-specific-tag,2021-10-17 08:59:33Z
376,beautifulsoup,Get twitch streamer game being played? beautifulsoup / Selenium [closed],http://stackoverflow.com/questions/69600452/get-twitch-streamer-game-being-played-beautifulsoup-selenium,2021-10-17 01:02:16Z
377,beautifulsoup,Using web scraping to check if an item is in stock,http://stackoverflow.com/questions/64415735/using-web-scraping-to-check-if-an-item-is-in-stock,2021-10-16 18:17:02Z
378,beautifulsoup,Cannot find element by class in BeautifulSoup object,http://stackoverflow.com/questions/69596166/cannot-find-element-by-class-in-beautifulsoup-object,2021-10-16 17:42:24Z
379,beautifulsoup,"Issue requesting when scraping images from google using 'src' tag, how to scrape images from google using beautiful soup?",http://stackoverflow.com/questions/69597329/issue-requesting-when-scraping-images-from-google-using-src-tag-how-to-scrape,2021-10-16 16:09:03Z
380,beautifulsoup,How to parse with BeautifuSoup Python?,http://stackoverflow.com/questions/69596588/how-to-parse-with-beautifusoup-python,2021-10-16 14:59:53Z
381,beautifulsoup,How can I print all nodes on a certain level in a Beautiful Soup object (or similar HTML structure)?,http://stackoverflow.com/questions/69596226/how-can-i-print-all-nodes-on-a-certain-level-in-a-beautiful-soup-object-or-simi,2021-10-16 13:55:41Z
382,beautifulsoup,How to Scrape NBA starting lineups and create a Pandas DataFrame?,http://stackoverflow.com/questions/69592088/how-to-scrape-nba-starting-lineups-and-create-a-pandas-dataframe,2021-10-16 03:06:49Z
383,beautifulsoup,Get web page content where source code isn't visible,http://stackoverflow.com/questions/69589445/get-web-page-content-where-source-code-isnt-visible,2021-10-15 19:09:57Z
384,beautifulsoup,Selenium Error: Element not interactable (coockie and other pop up),http://stackoverflow.com/questions/69587166/selenium-error-element-not-interactable-coockie-and-other-pop-up,2021-10-15 18:34:25Z
385,beautifulsoup,Smart prettify html with BeautifulSoup,http://stackoverflow.com/questions/69586661/smart-prettify-html-with-beautifulsoup,2021-10-15 18:20:48Z
386,beautifulsoup,Can't find class in HTML using BeautifulSoup4,http://stackoverflow.com/questions/69563237/cant-find-class-in-html-using-beautifulsoup4,2021-10-15 15:34:55Z
387,beautifulsoup,BeautifulSoup strip extra spaces,http://stackoverflow.com/questions/69583926/beautifulsoup-strip-extra-spaces,2021-10-15 11:30:17Z
388,beautifulsoup,How to scrape data from css?,http://stackoverflow.com/questions/69581934/how-to-scrape-data-from-css,2021-10-15 10:15:15Z
389,beautifulsoup,Web-Scraping using BeautifulSoup (missing values when scraping),http://stackoverflow.com/questions/69581047/web-scraping-using-beautifulsoup-missing-values-when-scraping,2021-10-15 08:09:40Z
390,beautifulsoup,How do I retrieve a part of the html tag in BeautifulSoup?,http://stackoverflow.com/questions/69580954/how-do-i-retrieve-a-part-of-the-html-tag-in-beautifulsoup,2021-10-15 07:38:38Z
391,beautifulsoup,Scrape span title,http://stackoverflow.com/questions/69578895/scrape-span-title,2021-10-15 07:36:07Z
392,beautifulsoup,Listing names of Excel files from URL using Python and BeautifulSoup,http://stackoverflow.com/questions/69210853/listing-names-of-excel-files-from-url-using-python-and-beautifulsoup,2021-10-15 04:12:21Z
393,beautifulsoup,Bs4 returning an AttributeError for any site,http://stackoverflow.com/questions/69578598/bs4-returning-an-attributeerror-for-any-site,2021-10-15 01:31:55Z
394,beautifulsoup,Add Text to an XML element in python3,http://stackoverflow.com/questions/69571679/add-text-to-an-xml-element-in-python3,2021-10-14 19:03:33Z
395,beautifulsoup,"Modify `pd.read_html()` when reading from a website that requires you to hit ""Accept"" for Cookies - HTTPError: HTTP Error 500: Internal Server Error?",http://stackoverflow.com/questions/69575093/modify-pd-read-html-when-reading-from-a-website-that-requires-you-to-hit-ac,2021-10-14 18:00:19Z
396,beautifulsoup,How to find particular data from an html using range of index in python list while scraping data with Beautifulsoup?,http://stackoverflow.com/questions/69571017/how-to-find-particular-data-from-an-html-using-range-of-index-in-python-list-whi,2021-10-14 17:57:31Z
397,beautifulsoup,Different output from srcaping rss by using requests get and beautifulsoup,http://stackoverflow.com/questions/69573625/different-output-from-srcaping-rss-by-using-requests-get-and-beautifulsoup,2021-10-14 17:18:30Z
398,beautifulsoup,Extracting text from multiple XML files with beautifulsoup,http://stackoverflow.com/questions/69572887/extracting-text-from-multiple-xml-files-with-beautifulsoup,2021-10-14 14:53:53Z
